id;message;status;created_at
1;oof tag um;after;2024-09-23T21:19:20
2;wholly sun;frizzy slake;2024-09-24T04:18:23
3;holster;when generously rue;2024-09-23T13:37:24
4;now;retract descendant meh;2024-09-23T14:41:35
5;woot subexpression;scarily;2024-09-23T19:32:17
6;why transom plain;within;2024-09-23T18:34:06
7;caring lest buttery;victoriously;2024-09-24T10:17:03
8;against;nun unknown requirement;2024-09-24T08:11:43
9;pfft accompanist;official validity however;2024-09-24T09:26:49
10;annually;indeed per gift;2024-09-24T01:58:52
