id;title;description;due_date;priority;status;category;created_at;updated_at
1;greatly sway amused;better unto shyly;2024-09-24T01:28:01;anti meanwhile fax;follower devoted;easily geez;2024-09-23T22:13:01;2024-09-24T12:15:12
2;mmm which neatly;seemingly gerbil readies;2024-09-23T17:04:20;offend tail aggravating;around although;valuable;2024-09-23T23:49:38;2024-09-23T17:06:53
3;pry lucky strictly;opposite neck;2024-09-24T06:22:25;nor apud;hmph;serpentine up republican;2024-09-24T02:57:04;2024-09-24T07:42:28
4;service;geez destock;2024-09-23T17:23:32;lox showy when;word;duh readily;2024-09-23T19:53:01;2024-09-23T22:26:02
5;forceful;over wavy indeed;2024-09-24T00:23:13;brr;per however lack;junior pleasant forecast;2024-09-23T17:26:42;2024-09-23T15:43:16
6;afterwards;pish;2024-09-24T08:11:46;equatorial;qua understated;aged outside after;2024-09-24T08:18:29;2024-09-23T14:59:40
7;drat deform consequently;zowie because;2024-09-24T11:53:49;irritably fuzzy;briskly;lively infamous;2024-09-24T02:12:41;2024-09-23T23:40:42
8;contravene;for;2024-09-23T21:12:42;sheathe breed terrorise;best-seller worth;alarmed;2024-09-24T12:16:17;2024-09-24T06:24:00
9;um although;while narrowcast;2024-09-24T05:28:41;oof hourly pear;dissemble profane while;fortunately wound;2024-09-24T05:09:32;2024-09-23T18:19:57
10;amongst whirlwind;tentacle;2024-09-23T20:24:11;athletic until overdub;ew;petty seriously out;2024-09-24T09:07:25;2024-09-23T22:21:18
